<Block>

	<Debug>false</Debug>
	
	<!-- ID of your block. See "Note on IDs" in Mod.xml.
		 The ID must be unique among blocks in your mod.
		 It may conflict with blocks of other mods, the mod loader handles this.
		 The easiest way of assigning IDs is to use 1, 2, 3, etc.-->
	<ID>5</ID>
	
	<!-- Name of the block, shown in the user interface. -->
	<Name>Aircraft</Name>
	
	<Mass>0.3</Mass>

	<Script>WW2NavalAssembly.Aircraft</Script>

	<Mesh name="A-Zero-0 Mesh"> <!-- Must be defined as a resource in the manifest. -->
		<Position x="0.0" y="0.0" z="0.0" />
		<Rotation x="90.0" y="0.0" z="0.0" />
		<Scale x="0.3" y="0.3" z="0.3" />
	</Mesh>
	
	<Texture name="A-Zero-0 Texture" /> <!-- Must be defined as a resource in the manifest. -->
	
	<Icon>
		<Position x="0.0" y="0.0" z="0.0" />
		<Rotation x="0.0" y="0.0" z="0.0" />
		<Scale x="0.2" y="0.2" z="0.2" />
		<Scale x="1" y="1" z="1" />
	</Icon>
	
	<Colliders>
		<!-- TODO: Insert Collider definitions here.
			 Examples: -->
		<BoxCollider>
			<Position x="0.0" y="0.0" z="0.25" />
			<Rotation x="0.0" y="0.0" z="0.0" />
			<Scale x="0.5" y="0.5" z="0.3" />
		</BoxCollider>
	</Colliders>
	
	<BasePoint hasAddingPoint="false">
		<Stickiness enabled="false" radius="0" />
		<!-- Can only have motion if sticky -->
	</BasePoint>
	
	<AddingPoints>
		<!-- TODO: Insert AddingPoint definitions here. Example:-->
		<AddingPoint>
			<Position x="0.0" y="0.0" z="0.0" />
			<Rotation x="0.0" y="0.0" z="0.0" />
			<Stickiness enabled="false" radius="1"/>
		</AddingPoint>
	</AddingPoints>
</Block>