<Block>
	<Debug>false</Debug>
	<ID>6</ID>
	<Name>Engine</Name>
	<Mass>5</Mass>

	<Script>WW2NavalAssembly.Engine</Script>
	
	<Mesh name="Engine Mesh">
		<Position x="0.0" y="0.0" z="0.0" />
		<Rotation x="90.0" y="0.0" z="0.0" />
		<Scale x="1.0" y="1.0" z="1.0" />
	</Mesh>
	
	<Texture name="Engine Texture" /> <!-- Must be defined as a resource in the manifest. -->
	
	<Icon>
		<Position x="0.0" y="0.0" z="0.0" />
		<Rotation x="0.0" y="0.0" z="0.0" />
		<Scale x="1.0" y="1.0" z="1.0" />
	</Icon>
	
	<Colliders>
		<!-- TODO: Insert Collider definitions here.
			 Examples: -->
		<BoxCollider>
			<Position x="0.0" y="0.0" z="0.3" />
			<Rotation x="0.0" y="0.0" z="0.0" />
			<Scale x="0.9" y="0.9" z="0.58" />
		</BoxCollider>
	</Colliders>
	
	<BasePoint hasAddingPoint="false">
		<Stickiness enabled="true" radius="0.4" />
		<!-- Can only have motion if sticky -->
		<Motion x="false" y="false" z="false" /> <!-- Optional -->
	</BasePoint>
	
	<AddingPoints>
	</AddingPoints>
</Block>