<Mod>


	<!-- General information about the mod. -->
	<Name>WW2Naval</Name>
	<Author>Chen, Yulin</Author> <!-- FIX: Insert your name here. -->
	<!-- Major.Minor.Build -->
	<Version>0.6.10</Version>
	
	<Description>
	A mod for 1/5 scale WW2 naval battel.
	Version 0.6.10
	</Description>

	<Icon name="icon"/>
	<Debug>false</Debug>
	
	
	<MultiplayerCompatible>true</MultiplayerCompatible>
	
	<Assemblies>
		<Assembly path="WW2NavalAssembly.dll" />
	</Assemblies>
	
	<!-- Any blocks your mod adds to the game.
		 The path attribute is relative to the location of this file. -->
	<Blocks>
		<!-- <Block path="SomeBlock.xml" /> -->
		<Block path="NavalGun.xml" />
		<Block path="Controller.xml" />
		<Block path="TorpedoLauncher.xml" />
		<Block path="Gunnner.xml" />
		<Block path="Aircraft.xml" />
		<Block path="Engine.xml" />
	</Blocks>
	
	<!-- Any entities (level objects) your mod adds to the game.
		 The path attribute is relative to the location of this file. -->
	<Entities>
		<!-- <Entity path="SomeEntity.xml" /> -->
	</Entities>
	
	<!-- Any logic trigger types your mod adds to the game. -->
	<!-- See the ModTriggers class for info on how to activate your triggers. -->
	<Triggers>
		
	</Triggers>
	
	<!-- Any logic event types your mod adds to the game. -->
	<!-- See the ModEvents class for info on how to handle your events being activated. -->
	<Events>
		
	</Events>
	
	<!-- Access these keys using the ModKeys class. -->
	<Keys>
		
	</Keys>
	
	<!-- The mod loader will automatically make all resources listed here available
		 to your mod via the ModResource class.
		 The path attribute is relative to the Resources/ directory.
		 You also need to list resources used in your Blocks and Entities.
		 Available resource types are Mesh, Texture, AudioClip, and AssetBundle. -->
	<Resources>
		<Texture name="icon" path="icon.png"/>
		<Mesh name="Gun Mesh" path="Gun/Gun.obj"/>
		<Texture name="Gun Texture" path="Gun\Gun.png"/>
		<Mesh name="Cannon Mesh" path="Gun/Cannon.obj"/>
		<Texture name="Cannon Texture" path="Gun\Cannon.png"/>
		<Mesh name="pilot Mesh" path="CentralController\captain.obj"/>
		<Texture name="pilot Texture" path="CentralController\captain.png"/>
		<Texture name="ReloadHEOut Texture" path="Gun\loadCircleOut.png"/>
		<Texture name="ReloadHEIn Texture" path="Gun\loadCircleIn.png"/>
		<Texture name="ReloadAPOut Texture" path="Gun\loadCircleOut2.png"/>
		<Texture name="ReloadAPIn Texture" path="Gun\loadCircleIn2.png"/>
		<Texture name="LockIconScreen Texture" path="CentralController\aim.png"/>
		<Texture name="LockIconScreen2 Texture" path="CentralController\aim2.png"/>
		<Mesh name="TorpedoLauncher Mesh" path="Torpedo\TorpedoLauncher.obj"/>
		<Texture name="TorpedoLauncher Texture" path="Torpedo\TorpedoLauncher.png"/>
		<Mesh name="Torpedo Mesh" path="Torpedo\Torpedo.obj"/>
		<Texture name="Torpedo Texture" path="Torpedo\Torpedo.png"/>
		<Mesh name="TorpedoFan1 Mesh" path="Torpedo\TorpedoFan1.obj"/>
		<Texture name="TorpedoFan1 Texture" path="Torpedo\TorpedoFan1.png"/>
		<Mesh name="TorpedoFan2 Mesh" path="Torpedo\TorpedoFan2.obj"/>
		<Texture name="TorpedoFan2 Texture" path="Torpedo\TorpedoFan2.png"/>
		<Mesh name="gunner Mesh" path="Gunner\gunner.obj"/>
		<Texture name="gunner Texture" path="Gunner\gunner.png"/>
		<Texture name="gunnerAlert Texture" path="Gunner\alert.png"/>
		<Mesh name="Engine Mesh" path="Engine\boiler.obj"/>
		<Texture name="Engine Texture" path="Engine\Engine.png"/>
		<Mesh name="Engine-Sleeve Mesh" path="Engine\sleeve.obj"/>
		<Mesh name="Engine-Sleeve2 Mesh" path="Engine\sleeve2.obj"/>
		<Texture name="Engine-Sleeve2 Texture" path="Engine\Sleeve2.png"/>
		<Mesh name="Engine-Axle Mesh" path="Engine\Axle.obj"/>
		<Texture name="Engine-Axle Texture" path="Engine\Axle.png"/>
		<Mesh name="Engine-Prop Mesh" path="Engine\Propeller.obj"/>
		<Texture name="Engine-Prop Texture" path="Engine\Propeller.png"/>
		<Texture name="Engine-Meter Texture" path="Engine\meter.png"/>
		<Texture name="Engine-Indicator Texture" path="Engine\Indicator.png"/>
		<Texture name="Engine-Speed Texture" path="Engine\speed.png"/>
		<Mesh name="SkyBall" path="SkyBall.obj"/>
		<Mesh name="Turrent Mesh" path="frustum.obj"/>
		<Texture name="BlueSky" path="Sky\BlueSky.png"/>
		<Texture name="Night" path="Sky\Night.png"/>
		<Texture name="Sunrise1" path="Sky\Sunrise1.png"/>
		<Texture name="Sunrise2" path="Sky\Sunrise2.png"/>
		<Texture name="Sunset1" path="Sky\Sunset1.png"/>
		<Texture name="Sunset2" path="Sky\Sunset2.png"/>


		<AudioClip name="GunShot Audio" path="Gun\fire.wav" />
		<AudioClip name="GunExplo Audio" path="Gun\explo.wav" />
		<AudioClip name="GunPierce Audio" path="Gun\pierce.wav" />
		<AudioClip name="GunWaterHit Audio" path="Gun\waterhit.wav" />

		<AssetBundle name="CannonHit AB" path="cannonhit.ab"/>
		<AssetBundle name="WaterHit AB" path="waterhit.ab"/>
		<AssetBundle name="GunSmoke AB" path="gunsmoke.ab"/>
		<AssetBundle name="ArmourVis AB" path="armourvis.ab"/>
		<AssetBundle name="Pierce AB" path="perice.ab"/>
		<AssetBundle name="Chimney AB" path="smoke.ab"/>
		<AssetBundle name="Projector AB" path="projector.ab"/>
		<AssetBundle name="WellEffect AB" path="welleffect.ab"/>
		<AssetBundle name="FireControl AB" path="firecontrol.ab"/>
		<AssetBundle name="Sea AB" path="sea.ab"/>
		<AssetBundle name="TorpedoTrail AB" path="torpedotrail.ab"/>
		<AssetBundle name="Sky AB" path="sky.ab"/>

		<!-- AirCraft -->
		<Mesh name="A-Zero-0 Mesh" path="Aircraft\R\ZERO\ZERO 0.obj"/>
		<Mesh name="A-Zero-1 Mesh" path="Aircraft\R\ZERO\ZERO 1.obj"/>
		<Mesh name="A-Zero-2 Mesh" path="Aircraft\R\ZERO\ZERO 2.obj"/>
		<Texture name="A-Zero-0 Texture" path="Aircraft\R\ZERO\ZERO 0.png"/>
		<Texture name="A-Zero-1 Texture" path="Aircraft\R\ZERO\ZERO 1.png"/>
		<Texture name="A-Zero-2 Texture" path="Aircraft\R\ZERO\ZERO 2.png"/>
		<Mesh name="A-F4U-0 Mesh" path="Aircraft\M\F4U\F4U 0.obj"/>
		<Mesh name="A-F4U-1 Mesh" path="Aircraft\M\F4U\F4U 1.obj"/>
		<Mesh name="A-F4U-2 Mesh" path="Aircraft\M\F4U\F4U 2.obj"/>
		<Texture name="A-F4U-0 Texture" path="Aircraft\M\F4U\F4U 0.png"/>
		<Texture name="A-F4U-1 Texture" path="Aircraft\M\F4U\F4U 1.png"/>
		<Texture name="A-F4U-2 Texture" path="Aircraft\M\F4U\F4U 2.png"/>


	</Resources>


<!-- This value is automatically generated. Do not change it or you may break machine&level save files. -->
<ID>24db7500-6caa-471c-8ba6-c43c0be5fd1d</ID>

</Mod>
