<Block>

	<Debug>false</Debug>
	
	<!-- ID of your block. See "Note on IDs" in Mod.xml.
		 The ID must be unique among blocks in your mod.
		 It may conflict with blocks of other mods, the mod loader handles this.
		 The easiest way of assigning IDs is to use 1, 2, 3, etc.-->
	<ID>3</ID>
	
	<Name>TorpedoLauncher</Name>
	
	<Mass>0.5</Mass>

	<Script>WW2NavalAssembly.TorpedoLauncher</Script>
	
	<Mesh name="TorpedoLauncher Mesh"> 
		<Position x="0.0" y="0.0" z="0.1" />
		<Rotation x="0" y="90.0" z="90.0" />
		<Scale x="1.0" y="1.0" z="1.0" />
	</Mesh>
	
	<Texture name="TorpedoLauncher Texture" /> <!-- Must be defined as a resource in the manifest. -->
	
	<Icon>
		<Position x="0.0" y="0.0" z="-0.2" />
		<Rotation x="0.0" y="-135.0" z="-35.0" />
		<Scale x="1.0" y="1.0" z="1.0" />
	</Icon>
	
	<Colliders>
		<CapsuleCollider>
			<Position x="0.0" y="0.0" z="0.1" />
			<Rotation x="0.0" y="0.0" z="90.0" />
			<Capsule direction="X" radius="0.07" height="1.2" />
		</CapsuleCollider>
	</Colliders>
	
	<BasePoint hasAddingPoint="false">
		<Stickiness enabled="true" radius="0.3" />
		<!-- Can only have motion if sticky -->
		<Motion x="false" y="false" z="false" /> <!-- Optional -->
	</BasePoint>
	
	<AddingPoints>
	</AddingPoints>
</Block>