<Block>
	<Debug>True</Debug>
	<ID>2</ID>
	<Name>Controller</Name>
	<Mass>0.3</Mass>
	
	<Script>WW2NavalAssembly.Controller</Script>
	
	<Mesh name="pilot Mesh"> <!-- Must be defined as a resource in the manifest. -->
		<Position x="0.0" y="0.0" z="0.35" />
		<Rotation x="90" y="0" z="0" />
		<Scale x="0.23" y="0.23" z="0.23" />
	</Mesh>
	
	<Texture name="pilot Texture" /> <!-- Must be defined as a resource in the manifest. -->
	
	<Icon>
		<Position x="0.1" y="-0.1" z="-0.1" />
		<Rotation x="45" y="225" z="0" />
		<Scale x="0.18" y="0.18" z="0.18" />
	</Icon>

	
	<Colliders>
		<BoxCollider>
			<Position x="0.0" y="0.0" z="0.31" />
			<Rotation x="270" y="0.0" z="180" />
			<Scale x="0.35" y="0.6" z="0.35" />
		</BoxCollider>
	</Colliders>
	
	<BasePoint hasAddingPoint="false">
		<Stickiness enabled="true" radius="0.3" />
		<!-- Can only have motion if sticky -->
		<Motion x="false" y="false" z="false" /> <!-- Optional -->
	</BasePoint>
	
	<AddingPoints>
	</AddingPoints>
</Block>