<Mod>


	<!-- General information about the mod. -->
	<Name>WW2Naval</Name>
	<Author>Chen, Yulin</Author> <!-- FIX: Insert your name here. -->
	<!-- Major.Minor.Build -->
	<Version>0.0.4</Version>
	
	<Description>
	A mod for 1/5 scale WW2 naval battel.
	Version 0.0.4
	</Description>

	<Icon name="icon"/>
	<Debug>false</Debug>
	
	
	<MultiplayerCompatible>true</MultiplayerCompatible>
	
	<Assemblies>
		<Assembly path="WW2NavalAssembly.dll" />
	</Assemblies>
	
	<!-- Any blocks your mod adds to the game.
		 The path attribute is relative to the location of this file. -->
	<Blocks>
		<!-- <Block path="SomeBlock.xml" /> -->
		<Block path="NavalGun.xml" />
		<Block path="Controller.xml" />
	</Blocks>
	
	<!-- Any entities (level objects) your mod adds to the game.
		 The path attribute is relative to the location of this file. -->
	<Entities>
		<!-- <Entity path="SomeEntity.xml" /> -->
	</Entities>
	
	<!-- Any logic trigger types your mod adds to the game. -->
	<!-- See the ModTriggers class for info on how to activate your triggers. -->
	<Triggers>
		
	</Triggers>
	
	<!-- Any logic event types your mod adds to the game. -->
	<!-- See the ModEvents class for info on how to handle your events being activated. -->
	<Events>
		
	</Events>
	
	<!-- Access these keys using the ModKeys class. -->
	<Keys>
		
	</Keys>
	
	<!-- The mod loader will automatically make all resources listed here available
		 to your mod via the ModResource class.
		 The path attribute is relative to the Resources/ directory.
		 You also need to list resources used in your Blocks and Entities.
		 Available resource types are Mesh, Texture, AudioClip, and AssetBundle. -->
	<Resources>
		<Texture name="icon" path="icon.png"/>
		<Mesh name="Gun Mesh" path="Gun/Gun.obj"/>
		<Texture name="Gun Texture" path="Gun\Gun.png"/>
		<Mesh name="Cannon Mesh" path="Gun/Cannon.obj"/>
		<Texture name="Cannon Texture" path="Gun\Cannon.png"/>
		<Mesh name="pilot Mesh" path="CentralController\pilot.obj"/>
		<Texture name="pilot Texture" path="CentralController\pilot.png"/>
		<Texture name="Reload1 Texture" path="Gun\loadCircleOut.png"/>
		<Texture name="Reload2 Texture" path="Gun\loadCircleIn.png"/>

		<AudioClip name="GunShot Audio" path="Gun\fire.wav" />
		<AudioClip name="GunExplo Audio" path="Gun\explo.wav" />
		<AudioClip name="GunPierce Audio" path="Gun\pierce.wav" />
		<AudioClip name="GunWaterHit Audio" path="Gun\waterhit.wav" />

		<AssetBundle name="CannonHit AB" path="cannonhit.ab"/>
		<AssetBundle name="WaterHit AB" path="waterhit.ab"/>
		<AssetBundle name="GunSmoke AB" path="gunsmoke.ab"/>
		<AssetBundle name="ArmourVis AB" path="armourvis.ab"/>
		<AssetBundle name="Pierce AB" path="perice.ab"/>
		<AssetBundle name="Chimney AB" path="smoke.ab"/>
		<AssetBundle name="Projector AB" path="projector.ab"/>
	</Resources>


<!-- This value is automatically generated. Do not change it or you may break machine&level save files. -->
<ID>24db7500-6caa-471c-8ba6-c43c0be5fd1d</ID>

</Mod>
